first_name,last_name,email
James,Benitez,wlutz@smith.net
Connie,Harris,monica62@yahoo.com
Roy,Mullins,edwardsderek@hotmail.com
Amy,Martin,dudleykristen@smith.com
Edward,Mcbride,kelly76@gmail.com
Kevin,Anderson,powellcameron@young.com
Jessica,Farmer,djohnson@torres.net
Dylan,Mcgrath,rubiokristen@hotmail.com
Jenny,Cooper,dmack@villarreal-harding.org
Cassandra,Hodge,mgraham@anderson.com
Rachel,Brown,gallegosdavid@wood.com
Rachel,Rodriguez,thomas52@hotmail.com
Fernando,Walton,hortonkristopher@harper-cardenas.com
Pam,Frye,dbowman@freeman-larson.biz
Karl,Smith,mcneilmaria@hernandez-diaz.com
Maria,White,danamullins@gmail.com
Melissa,Jones,millsdevin@fox.com
Madison,Johnson,lewisdenise@gmail.com
Sheila,Nelson,lisa33@nielsen.com
Jasmine,Reed,jessica69@banks-weaver.info
Kevin,Carson,barbara26@hotmail.com
John,Willis,paulmatthews@hotmail.com
Melissa,Mann,pittmanlisa@hotmail.com
Garrett,Diaz,laurenperkins@banks.com
Kayla,Davies,chamberschristopher@davis-bell.com
Angela,Preston,michaelwyatt@alexander-barber.net
Gabriella,Mays,zgaines@gmail.com
Heidi,Rivera,fsandoval@hotmail.com
Robert,Alvarez,dustin50@martinez.com
David,Edwards,xstephens@montgomery.info
William,Sims,rosskyle@bowers.info
Kathleen,Mason,fnunez@yahoo.com
Kimberly,Cook,dylanacosta@yahoo.com
Mitchell,Perry,dana99@gmail.com
Ryan,Webster,melissa98@gmail.com
Kaitlyn,Brady,antoniotravis@patton.com
Justin,Alvarez,ruizjohnny@gmail.com
Adam,Washington,michael31@brown.com
Jared,Parker,whernandez@gmail.com
Lynn,Silva,williamsamy@hotmail.com
Susan,Harris,esingh@robinson-johnston.com
Kevin,Freeman,troy80@yahoo.com
Todd,Rivera,wbass@yahoo.com
Teresa,Sharp,karenjones@snow.info
Christian,Castillo,nichole43@gmail.com
Ronald,Decker,hparker@hotmail.com
Aaron,Garner,stanleystewart@foster.info
Kelsey,Beck,debrahicks@barron.com
Carla,Duncan,mitchellsamantha@yahoo.com
Jacqueline,Lee,melanie76@hall.com
